"Date","hedge_ratio_tvp"
2020-01-03,1.13597902832227
2020-01-07,1.1349425685996
2020-01-08,1.10214239076348
2020-01-09,1.09706652260302
2020-01-10,1.07391320759536
2020-01-14,1.05844418794048
2020-01-15,1.05872007778452
2020-01-16,1.0511148490703
2020-01-17,1.04979757375923
2020-01-22,1.05134820706359
2020-01-23,1.0492477806115
2020-01-24,1.03825549256078
2020-01-28,1.06542572689702
2020-01-29,1.06541293946717
2020-01-30,1.06811606906713
2020-01-31,1.0649724022461
2020-02-04,1.03557600958994
2020-02-05,1.07588511198872
2020-02-06,1.07436730904007
2020-02-07,1.07126336362282
2020-02-11,1.07132697346754
2020-02-12,1.07055375459553
2020-02-13,1.07093764993136
2020-02-14,1.07131029084559
2020-02-19,1.05362762253392
2020-02-20,1.05179055692427
2020-02-21,1.03630083111613
2020-02-25,1.03984694103822
2020-02-26,1.04067422959903
2020-02-27,0.897362256697348
2020-02-28,0.900490991620362
2020-03-03,0.871320170101078
2020-03-04,0.807799553345439
2020-03-05,0.747598714673748
2020-03-06,0.689975400202808
2020-03-10,0.63332775410171
2020-03-11,0.633378773155132
2020-03-12,1.78221193690484
2020-03-13,2.00398002059035
2020-03-17,1.77352256534411
2020-03-18,1.73545820434976
2020-03-19,1.70935486070929
2020-03-20,1.65727260313152
2020-03-24,1.57147347206614
2020-03-25,1.52602063044085
2020-03-26,1.4489024546148
2020-03-27,1.45786701658223
2020-03-31,1.44549855123025
2020-04-01,1.37527450590275
2020-04-02,1.38034283009614
2020-04-03,1.38014090028199
2020-04-07,1.38041094673597
2020-04-08,1.36869294681663
2020-04-09,1.35706775161753
2020-04-14,1.33651755083438
2020-04-15,1.340350198808
2020-04-16,1.33991689825056
2020-04-17,1.32097988576948
2020-04-21,1.30805407260119
2020-04-22,1.31246089492521
2020-04-23,1.3147384445107
2020-04-24,1.31441085599868
2020-04-28,1.31433492913944
2020-04-29,1.34755282514444
2020-04-30,1.34738327165387
2020-05-01,1.31834995412228
2020-05-05,1.31919756433255
2020-05-06,1.3160850453331
2020-05-07,1.32739252210159
2020-05-08,1.31482287457996
2020-05-12,1.30151555348347
2020-05-13,1.27451203728206
2020-05-14,1.28216671070426
2020-05-15,1.27516751435877
2020-05-19,1.27290669308012
2020-05-20,1.26307432243598
2020-05-21,1.2678694233829
2020-05-22,1.26750828124879
2020-05-27,1.27225114549389
2020-05-28,1.27313379082917
2020-05-29,1.27181134834832
2020-06-02,1.26128967400075
2020-06-03,1.2599923426246
2020-06-04,1.25979336698802
2020-06-05,1.23946566478402
2020-06-09,1.23914456262437
2020-06-10,1.23698287191816
2020-06-11,1.21877567821114
2020-06-12,1.21877996253142
2020-06-16,1.21230753724484
2020-06-17,1.21252634204173
2020-06-18,1.21268668267067
2020-06-19,1.21355592140633
2020-06-23,1.21325957869328
2020-06-24,1.21510544287202
2020-06-25,1.21405858852618
2020-06-26,1.20779127831917
2020-06-30,1.2055547983495
2020-07-01,1.20512847932111
2020-07-02,1.20270154011843
2020-07-07,1.20333358785043
2020-07-08,1.20439265072368
2020-07-09,1.20538955663497
2020-07-10,1.20365872984041
2020-07-14,1.19856012903967
2020-07-15,1.1943698011421
2020-07-16,1.19471475999731
2020-07-17,1.19468160176906
2020-07-21,1.19541405493647
2020-07-22,1.19647932339946
2020-07-23,1.19229503426782
2020-07-24,1.19128511254896
2020-07-28,1.1910358358697
2020-07-29,1.19178085659974
2020-07-30,1.19172611905235
2020-07-31,1.19314157068939
2020-08-04,1.19191004062059
2020-08-05,1.19680720624184
2020-08-06,1.19535082538231
2020-08-07,1.1949027729945
2020-08-11,1.20174231913694
2020-08-12,1.20170978724803
2020-08-13,1.20178693439858
2020-08-14,1.20179102680528
2020-08-18,1.20099205317384
2020-08-19,1.20313619399275
2020-08-20,1.20326995333879
2020-08-21,1.20053797763545
2020-08-25,1.19843525489833
2020-08-26,1.19795120246253
2020-08-27,1.19623631376648
2020-08-28,1.19761788518345
2020-09-01,1.20054824347837
2020-09-02,1.17265304015749
2020-09-03,1.2362745292616
2020-09-04,1.21585759232879
2020-09-09,1.20993315270943
2020-09-10,1.19905751279669
2020-09-11,1.198670125229
2020-09-15,1.19912163584824
2020-09-16,1.19730205564648
2020-09-17,1.19526814346865
2020-09-18,1.19017441281272
2020-09-22,1.18940919919457
2020-09-23,1.19085229466738
2020-09-24,1.1872364119546
2020-09-25,1.1752650208957
2020-09-29,1.17381901629647
2020-09-30,1.17147453808011
2020-10-01,1.16671336335166
2020-10-02,1.16529689058813
2020-10-06,1.16560783155131
2020-10-07,1.16058572794104
2020-10-08,1.16373388243844
2020-10-09,1.16410722937726
2020-10-13,1.1649738086435
2020-10-14,1.16313322775715
2020-10-15,1.16249262296519
2020-10-16,1.1631383575
2020-10-20,1.16398009619843
2020-10-21,1.16017128045685
2020-10-22,1.16074502660789
2020-10-23,1.15981870510464
2020-10-27,1.15481520807448
2020-10-28,1.14292808663983
2020-10-29,1.14337893093412
2020-10-30,1.13834560372695
2020-11-03,1.14278267131707
2020-11-04,1.13127903532393
2020-11-05,1.17986340743594
2020-11-06,1.17927605111651
2020-11-10,1.17938486200547
2020-11-11,1.18284234660078
2020-11-12,1.170193658137
2020-11-13,1.16536047086184
2020-11-17,1.15828175019967
2020-11-18,1.14834612045512
2020-11-19,1.14822110878613
2020-11-20,1.13696331605463
2020-11-24,1.14777294571579
2020-11-25,1.14731252954689
2020-12-01,1.12951416992024
2020-12-02,1.13104194250177
2020-12-03,1.13089229371156
2020-12-04,1.11748117126776
2020-12-08,1.11190522367999
2020-12-09,1.10407995045217
2020-12-10,1.10528253999592
2020-12-11,1.10600560301879
2020-12-15,1.10329220236681
2020-12-16,1.11284488473944
2020-12-17,1.12498202029562
2020-12-18,1.12335621656265
2020-12-22,1.11869084799418
2020-12-23,1.11869498641227
2020-12-24,1.1209101585299
2020-12-29,1.12024352102354
2020-12-30,1.12117346291377
2020-12-31,1.12014260576197
2021-01-05,1.13402408380658
2021-01-06,1.15022872888868
2021-01-07,1.17178030684949
2021-01-08,1.1753210919667
2021-01-12,1.17618064654405
2021-01-13,1.188728710836
2021-01-14,1.17911747679037
2021-01-15,1.20161965446787
2021-01-20,1.18980411859234
2021-01-21,1.17630118826031
2021-01-22,1.16172534065973
2021-01-26,1.16124083101499
2021-01-27,1.20352077353863
2021-01-28,1.22182982325647
2021-01-29,1.18613706386427
2021-02-02,1.20453767994485
2021-02-03,1.2104718737824
2021-02-04,1.19455540711746
2021-02-05,1.20044351958285
2021-02-09,1.20036028461947
2021-02-10,1.20216372661711
2021-02-11,1.20409542564981
2021-02-12,1.20000807166829
2021-02-17,1.20087973924747
2021-02-18,1.20241348207355
2021-02-19,1.19059194831756
2021-02-23,1.1871715498677
2021-02-24,1.1886362178043
2021-02-25,1.21807549260303
2021-02-26,1.22124203018854
2021-03-02,1.22817144414191
2021-03-03,1.1846154297718
2021-03-04,1.20000229507675
2021-03-05,1.19056446994398
2021-03-09,1.21030985156706
2021-03-10,1.21424602695587
2021-03-11,1.22271753499959
2021-03-12,1.22142991090414
2021-03-16,1.21992431429869
2021-03-17,1.22432233750063
2021-03-18,1.22458410324115
2021-03-19,1.22186102222739
2021-03-23,1.21627977395669
2021-03-24,1.22532605007985
2021-03-25,1.22020550821664
2021-03-26,1.25238102688997
2021-03-30,1.25181807326855
2021-03-31,1.25093580559057
2021-04-01,1.24450145677689
2021-04-06,1.24495357339298
2021-04-07,1.24480284466965
2021-04-08,1.25020134372288
2021-04-09,1.24525940672463
2021-04-13,1.25277636416723
2021-04-14,1.25305945616189
2021-04-15,1.24792495683716
2021-04-16,1.24120279731942
2021-04-20,1.23167402571017
2021-04-21,1.20495088671943
2021-04-22,1.22466077897823
2021-04-23,1.21271969641494
2021-04-27,1.21266217031976
2021-04-28,1.21279111988522
2021-04-29,1.20263627747627
2021-04-30,1.16983107615779
2021-05-04,1.19097059581194
2021-05-05,1.18044526094334
2021-05-06,1.16949425105139
2021-05-07,1.17037585265678
2021-05-11,1.15830904153293
2021-05-12,1.30898982599448
2021-05-13,1.30506390374873
2021-05-14,1.28394113756713
2021-05-18,1.28992595094928
2021-05-19,1.32657042239551
2021-05-20,1.3496614718443
2021-05-21,1.33743393253217
2021-05-25,1.34526076795444
2021-05-26,1.34641110634959
2021-05-27,1.34556980452031
2021-05-28,1.34285674221515
2021-06-02,1.34235355361037
2021-06-03,1.33077065366284
2021-06-04,1.29201695476178
2021-06-08,1.29376843395277
2021-06-09,1.27780629180029
2021-06-10,1.27655242963022
2021-06-11,1.27712890138159
2021-06-15,1.2759840787277
2021-06-16,1.29483065995684
2021-06-17,1.29725245178857
2021-06-18,1.3422269055856
2021-06-22,1.34489561146181
2021-06-23,1.3424712393807
2021-06-24,1.35333078303862
2021-06-25,1.32663985446344
2021-06-29,1.32462918964139
2021-06-30,1.32348920249355
2021-07-01,1.30483948345529
2021-07-02,1.29855630487559
2021-07-07,1.29324817958642
2021-07-08,1.30873990939941
2021-07-09,1.31703107788989
2021-07-13,1.3191743897221
2021-07-14,1.31918263556643
2021-07-15,1.32769208311789
2021-07-16,1.3317783426226
2021-07-20,1.28295467333943
2021-07-21,1.31449895757894
2021-07-22,1.31802266120087
2021-07-23,1.33668846986603
2021-07-27,1.31973393252649
2021-07-28,1.3187874664221
2021-07-29,1.31795305336802
2021-07-30,1.29416952539723
2021-08-03,1.27800513579281
2021-08-04,1.26320222335462
2021-08-05,1.27770934687271
2021-08-06,1.28553734845753
2021-08-10,1.28423134217444
2021-08-11,1.28304979007426
2021-08-12,1.27571807763387
2021-08-13,1.28252105108
2021-08-17,1.28695389629277
2021-08-18,1.26936071083829
2021-08-19,1.26836240689503
2021-08-20,1.30425160004612
2021-08-24,1.29676279398647
2021-08-25,1.29836709454739
2021-08-26,1.31578531006678
2021-08-27,1.33389593040356
2021-08-31,1.33355394372757
2021-09-01,1.33268025806428
2021-09-02,1.33595309941347
2021-09-03,1.33539123745747
2021-09-08,1.33729427311695
2021-09-09,1.33252597100448
2021-09-10,1.34872117424833
2021-09-14,1.31198930377649
2021-09-15,1.33072801357823
2021-09-16,1.33164571686137
2021-09-17,1.33071106525751
2021-09-21,1.342889351774
2021-09-22,1.38146603835546
2021-09-23,1.40797748890041
2021-09-24,1.39768064041125
2021-09-28,1.42278545111528
2021-09-29,1.42201713471278
2021-09-30,1.33383193715434
2021-10-01,1.42657492577841
2021-10-05,1.46860108856376
2021-10-06,1.49333348623807
2021-10-07,1.46970993428859
2021-10-08,1.47005991622265
2021-10-12,1.47703167820989
2021-10-13,1.48229710137088
2021-10-14,1.44290515406265
2021-10-15,1.48685204890464
2021-10-19,1.50491641822961
2021-10-20,1.5109001495112
2021-10-21,1.50121385595127
2021-10-22,1.50065699482294
2021-10-26,1.49588210812736
2021-10-27,1.50871186842411
2021-10-28,1.52867425016176
2021-10-29,1.5312343477831
2021-11-02,1.54097689321517
2021-11-03,1.53481736840145
2021-11-04,1.51658981220369
2021-11-05,1.50956643310262
2021-11-09,1.51231586982068
2021-11-10,1.52890527105471
2021-11-11,1.52888672096137
2021-11-12,1.50955607930239
2021-11-16,1.4789431223368
2021-11-17,1.47914932202791
2021-11-18,1.45985295157653
2021-11-19,1.45869196177072
2021-11-23,1.4590981370632
2021-11-24,1.45443734034273
2021-11-30,1.43165187861226
2021-12-01,1.39187010887452
2021-12-02,1.34264093371732
2021-12-03,1.38966324882625
2021-12-07,1.32286384100162
2021-12-08,1.31583768469812
2021-12-09,1.3551231159728
2021-12-10,1.32793697283945
2021-12-14,1.32657540750752
2021-12-15,1.37128719410603
2021-12-16,1.38563768794299
2021-12-17,1.40734965711861
2021-12-21,1.43940484596203
2021-12-22,1.41182303079951
2021-12-23,1.43515588603553
2021-12-28,1.44574061684396
2021-12-29,1.43879358785788
2021-12-30,1.43384591548682
2021-12-31,1.43951828975218
2022-01-04,1.44082248809545
2022-01-05,1.49625927715367
2022-01-06,1.49857214918022
2022-01-07,1.51479378324746
2022-01-11,1.51979368511706
2022-01-12,1.52640604599708
2022-01-13,1.5411637939414
2022-01-14,1.53960520156348
2022-01-19,1.53776751940868
2022-01-20,1.54805252376551
2022-01-21,1.72068437294411
2022-01-25,1.68684156833938
2022-01-26,1.68442756656432
2022-01-27,1.67501134630258
2022-01-28,1.62241325100068
2022-02-01,1.61441934464227
2022-02-02,1.55469491108984
2022-02-03,1.47690755268135
2022-02-04,1.50768454380437
2022-02-08,1.50856359536601
2022-02-09,1.48463223314209
2022-02-10,1.46803613048527
2022-02-11,1.46829824551774
2022-02-15,1.4963191764178
2022-02-16,1.49678206482229
2022-02-17,1.5948119337912
2022-02-18,1.59969171975404
2022-02-23,1.599101065739
2022-02-24,1.59866180547804
2022-02-25,1.58075160594077
2022-03-01,1.50861037619978
2022-03-02,1.4645386926184
2022-03-03,1.4718756371386
2022-03-04,1.5171368695051
2022-03-08,1.50871184368613
2022-03-09,1.59150079755183
2022-03-10,1.61984736732609
2022-03-11,1.62218157436605
2022-03-15,1.54529432386095
2022-03-16,1.56417799148914
2022-03-17,1.54479641179122
2022-03-18,1.54731911402628
2022-03-22,1.55928129249388
2022-03-23,1.52021120636816
2022-03-24,1.52267237257681
2022-03-25,1.52357625132731
2022-03-29,1.51295298644106
2022-03-30,1.51270963524206
2022-03-31,1.52638355367876
2022-04-01,1.52824099992124
2022-04-05,1.53149652278926
2022-04-06,1.56454304261234
2022-04-07,1.56127662463362
2022-04-08,1.56738699219433
2022-04-12,1.56340933016487
2022-04-13,1.5700924575409
2022-04-14,1.58039371349724
2022-04-19,1.56542190293141
2022-04-20,1.56545168518054
2022-04-21,1.5630463032529
2022-04-22,1.51494990023366
2022-04-26,1.55299764170171
2022-04-27,1.55982458215889
2022-04-28,1.52290303943693
2022-04-29,1.45594336319596
2022-05-03,1.45216092540712
2022-05-04,1.45760272449974
2022-05-05,1.51906030542743
2022-05-06,1.52365383535633
2022-05-10,1.52563719967626
2022-05-11,1.56957947324041
2022-05-12,1.56953476892851
2022-05-13,1.53221983865346
2022-05-17,1.51216523758109
2022-05-18,1.50470567541334
2022-05-19,1.47588179954983
2022-05-20,1.48273873336047
2022-05-24,1.47512576347903
2022-05-25,1.47066329810722
2022-05-26,1.42655873626634
2022-05-27,1.34584353065477
2022-06-01,1.36092340796002
2022-06-02,1.34827568778732
2022-06-03,1.34661625092406
2022-06-07,1.33537801856006
2022-06-08,1.34346083431986
2022-06-09,1.31476867595848
2022-06-10,1.31907824140231
2022-06-14,1.32294965943888
2022-06-15,1.31964196063466
2022-06-16,1.40587979697241
2022-06-17,1.40364069278985
2022-06-22,1.40737219115768
2022-06-23,1.42545689094483
2022-06-24,1.38191673116428
2022-06-28,1.37162303964045
2022-06-29,1.37333850124972
2022-06-30,1.37598600867133
2022-07-01,1.3553036303663
2022-07-06,1.35805548277494
2022-07-07,1.37945156719121
2022-07-08,1.37811765251378
2022-07-12,1.38809072499198
2022-07-13,1.37636967476391
2022-07-14,1.36933544643939
2022-07-15,1.358725957607
2022-07-19,1.36685011534216
2022-07-20,1.36421009854452
2022-07-21,1.35548525344219
2022-07-22,1.35832852738603
2022-07-26,1.35469036008529
2022-07-27,1.39925226053419
2022-07-28,1.41550071716768
2022-07-29,1.40441554015774
2022-08-02,1.40544562539786
2022-08-03,1.3828022064052
2022-08-04,1.38261157276086
2022-08-05,1.38006603301033
2022-08-09,1.38665392331321
2022-08-10,1.38719666322836
2022-08-11,1.38707565258002
2022-08-12,1.38248175993182
2022-08-16,1.38151447873234
2022-08-17,1.38668482311337
2022-08-18,1.38470412572507
2022-08-19,1.4452082886255
2022-08-23,1.44512302929478
2022-08-24,1.44384064690455
2022-08-25,1.43559647906249
2022-08-26,1.45590056535044
2022-08-30,1.46853458240427
2022-08-31,1.46082597620124
2022-09-01,1.46069987852077
2022-09-02,1.45646118014174
2022-09-07,1.45189549456213
2022-09-08,1.45071052866926
2022-09-09,1.51213285107127
2022-09-13,1.55922367575314
2022-09-14,1.55664506587557
2022-09-15,1.56197797045802
2022-09-16,1.55740607054923
2022-09-20,1.56764808553422
2022-09-21,1.56379515681387
2022-09-22,1.53870599717557
2022-09-23,1.5191294440173
2022-09-27,1.52023818109331
2022-09-28,1.50723757073652
2022-09-29,1.46573075526253
2022-09-30,1.45533008595498
2022-10-04,1.43939771631088
2022-10-05,1.43938315416996
2022-10-06,1.43793272664511
2022-10-07,1.41601256427755
2022-10-11,1.41670586027209
2022-10-12,1.41522960358378
2022-10-13,1.38651600244628
2022-10-14,1.3620777252143
2022-10-18,1.3492487930365
2022-10-19,1.34981558392848
2022-10-20,1.34782724480949
2022-10-21,1.32034549524749
2022-10-25,1.33338254296483
2022-10-26,1.31749677831757
2022-10-27,1.32211446312517
2022-10-28,1.30331306222139
2022-11-01,1.30259197714841
2022-11-02,1.28405165590681
2022-11-03,1.27620385797711
2022-11-04,1.29126553553802
2022-11-08,1.26814927520282
2022-11-09,1.38589355770521
2022-11-10,1.4512338169048
2022-11-11,1.43289621847535
2022-11-15,1.43482311574542
2022-11-16,1.43492084819139
2022-11-17,1.43450829221659
2022-11-18,1.43336059076964
2022-11-22,1.43671991645749
2022-11-23,1.44176225269152
2022-11-29,1.44045767685668
2022-11-30,1.43676955497003
2022-12-01,1.43673034503437
2022-12-02,1.4361351918027
2022-12-06,1.42000457029222
2022-12-07,1.4219988607298
2022-12-08,1.42498485415204
2022-12-09,1.42309018162639
2022-12-13,1.42839744651783
2022-12-14,1.42511127886245
2022-12-15,1.4176237311131
2022-12-16,1.43616516867058
2022-12-20,1.43617112736671
2022-12-21,1.41960194318787
2022-12-22,1.40502819915029
2022-12-23,1.40234527252777
2022-12-28,1.39804050599578
2022-12-29,1.38189881806851
2022-12-30,1.38155109754515
2023-01-04,1.38124934273223
2023-01-05,1.37369171555592
2023-01-06,1.34890098669182
2023-01-10,1.35150325646722
2023-01-11,1.35751034625967
2023-01-12,1.36544920895989
2023-01-13,1.37308433491848
2023-01-18,1.37410630798497
2023-01-19,1.36368554920793
2023-01-20,1.39910607587466
2023-01-24,1.39933065048047
2023-01-25,1.39903870713279
2023-01-26,1.38963584617563
2023-01-27,1.3896465851171
2023-01-31,1.38469378256317
2023-02-01,1.39076931820015
2023-02-02,1.37091180387797
2023-02-03,1.3632324968979
2023-02-07,1.36410396701007
2023-02-08,1.36288155118834
2023-02-09,1.38219436145471
2023-02-10,1.38134415324238
2023-02-14,1.38053842209112
2023-02-15,1.39084777348823
2023-02-16,1.39910741836804
2023-02-17,1.3911732769172
2023-02-22,1.39204524494363
2023-02-23,1.38788549048691
2023-02-24,1.39724183607087
2023-02-28,1.40071170147716
2023-03-01,1.39457894006072
2023-03-02,1.38749995032194
2023-03-03,1.33120943911132
2023-03-07,1.3196302947081
2023-03-08,1.31975593500465
2023-03-09,1.35893455545872
2023-03-10,1.35260345199074
2023-03-14,1.35025505402134
2023-03-15,1.35165220747435
2023-03-16,1.3533804147179
2023-03-17,1.2914523136528
2023-03-21,1.28873942400157
2023-03-22,1.29627783375517
2023-03-23,1.29725988654551
2023-03-24,1.28646452017137
2023-03-28,1.28606079207003
2023-03-29,1.29966428069791
2023-03-30,1.2939535532244
2023-03-31,1.29187036067812
2023-04-04,1.28630757975323
2023-04-05,1.28570509248644
2023-04-06,1.28397296720718
2023-04-11,1.2842919537588
2023-04-12,1.28382782230421
2023-04-13,1.27732451312861
2023-04-14,1.27677508169105
2023-04-18,1.27612763866958
2023-04-19,1.28093326991178
2023-04-20,1.28531291139409
2023-04-21,1.2853233103671
2023-04-25,1.24280827260924
2023-04-26,1.23859613395154
2023-04-27,1.25023002525849
2023-04-28,1.2428152129164
2023-05-02,1.22135733490517
2023-05-03,1.21039457442904
2023-05-04,1.20933728177648
2023-05-05,1.20898318904453
2023-05-09,1.20788324935074
2023-05-10,1.20615004335914
2023-05-11,1.20830555504018
2023-05-12,1.2089584029821
2023-05-16,1.20845002614566
2023-05-17,1.20651066109245
2023-05-18,1.18629699020778
2023-05-19,1.18627556747566
2023-05-23,1.16635504457954
2023-05-24,1.18281141199015
2023-05-25,1.17890989534414
2023-05-26,1.17389875658713
2023-05-31,1.17724164040152
2023-06-01,1.16177835386894
2023-06-02,1.16056436617136
2023-06-06,1.17001134372609
2023-06-07,1.17892283978167
2023-06-08,1.17758498135761
2023-06-09,1.17718309750411
2023-06-13,1.17390670400414
2023-06-14,1.1713515329807
2023-06-15,1.17217962115788
2023-06-16,1.16513955620156
2023-06-21,1.13799414362227
2023-06-22,1.13658453758602
2023-06-23,1.11814518873764
2023-06-27,1.11881951743279
2023-06-28,1.11766259383624
2023-06-29,1.119188768442
2023-06-30,1.10912585689404
2023-07-06,1.11522036255322
2023-07-07,1.11113899735248
2023-07-11,1.11075207971925
2023-07-12,1.10106278602912
2023-07-13,1.11663388485863
2023-07-14,1.11896576921122
2023-07-18,1.10792311243957
2023-07-19,1.10769718702862
2023-07-20,1.10630468370395
2023-07-21,1.10610275136232
2023-07-25,1.1057653447242
2023-07-26,1.10569878362261
2023-07-27,1.10475144385193
2023-07-28,1.09881894857786
2023-08-01,1.09503056963244
2023-08-02,1.09849743026416
2023-08-03,1.09791862977651
2023-08-04,1.09778194179955
2023-08-08,1.08778111916713
2023-08-09,1.08773967528982
2023-08-10,1.08811915390889
2023-08-11,1.08827887416815
2023-08-15,1.08462080494895
2023-08-16,1.09203164082571
2023-08-17,1.14057888250785
2023-08-18,1.14176734168406
2023-08-22,1.1421011970991
2023-08-23,1.14367035727982
2023-08-24,1.1378479239185
2023-08-25,1.13156979499275
2023-08-29,1.18339200487953
2023-08-30,1.17517798161899
2023-08-31,1.18332163078643
2023-09-01,1.18239428420865
2023-09-06,1.17850368813552
2023-09-07,1.17079582296803
2023-09-08,1.16980542268574
2023-09-12,1.1526299162657
2023-09-13,1.15283778193749
2023-09-14,1.15365869736388
2023-09-15,1.13598204174072
2023-09-19,1.12997084455968
2023-09-20,1.12394248449786
2023-09-21,1.12946479183006
2023-09-22,1.12891932448674
2023-09-26,1.11136762690076
2023-09-27,1.11125153982559
2023-09-28,1.11968344635781
2023-09-29,1.12025774330932
2023-10-03,1.10675268090028
2023-10-04,1.1090873236554
2023-10-05,1.11011658023039
2023-10-06,1.11553456651803
2023-10-10,1.10956003215249
2023-10-11,1.10154101873218
2023-10-12,1.10019991582158
2023-10-13,1.09588944269515
2023-10-17,1.09623216939778
2023-10-18,1.08187713837415
2023-10-19,1.06268446088842
2023-10-20,1.00939563977973
2023-10-24,1.01795367312589
2023-10-25,0.972322651016704
2023-10-26,0.977102507296115
2023-10-27,0.979865545504433
2023-10-31,0.978274621640529
2023-11-01,0.989261578035685
2023-11-02,0.933103233547222
2023-11-03,0.926226844439846
2023-11-07,0.927629908010108
2023-11-08,0.927679214054344
2023-11-09,0.899787778053383
2023-11-10,0.897247333518779
2023-11-14,0.827658585489328
2023-11-15,0.826344298770364
2023-11-16,0.822413767179358
2023-11-17,0.822511389286212
2023-11-21,0.833982663942132
2023-11-22,0.844431805656559
2023-11-28,0.845845734620926
2023-11-29,0.84563003866027
2023-11-30,0.842726644026676
2023-12-01,0.85221167500937
2023-12-05,0.847201141818864
2023-12-06,0.847465364502037
2023-12-07,0.833110582639604
2023-12-08,0.837210099674479
2023-12-12,0.838057530274047
2023-12-13,0.867345849285591
2023-12-14,0.867768538074328
2023-12-15,0.874535154120865
2023-12-19,0.864814947021248
2023-12-20,0.795953996211029
2023-12-21,0.796211410910303
2023-12-22,0.79623625155742
2023-12-27,0.798547039784324
2023-12-28,0.798879747010645
2023-12-29,0.804140956407225
2024-01-03,0.845307494550668
2024-01-04,0.835252470750545
2024-01-05,0.835358314631218
2024-01-09,0.839696718388569
2024-01-10,0.84131319335266
2024-01-11,0.842179547007193
2024-01-12,0.840456618754835
2024-01-17,0.850740858898686
2024-01-18,0.804901102834226
2024-01-19,0.797367557313486
2024-01-23,0.798146197570394
2024-01-24,0.798300452109949
2024-01-25,0.793346161869296
2024-01-26,0.780836215234989
2024-01-30,0.781483893862159
2024-01-31,0.776424320667895
2024-02-01,0.778554166386634
2024-02-02,0.771121583437232
2024-02-06,0.772268374680863
2024-02-07,0.791261991418015
2024-02-08,0.78910806858205
2024-02-09,0.811211969443097
2024-02-13,0.79771700622637
2024-02-14,0.835562287766797
2024-02-15,0.833587087113344
2024-02-16,0.828456798484117
2024-02-21,0.82780620385422
2024-02-22,0.760811769267444
2024-02-23,0.762086908603931
2024-02-27,0.768391300171326
2024-02-28,0.748463539363322
2024-02-29,0.737878947804243
2024-03-01,0.750239931583058
2024-03-05,0.831650560030104
2024-03-06,0.845874857482712
2024-03-07,0.852191785259612
2024-03-08,0.83094468117709
2024-03-12,0.80819632709684
2024-03-13,0.802443356767934
2024-03-14,0.80922142757877
2024-03-15,0.833221174510587
2024-03-19,0.774344023993316
2024-03-20,0.861920285075124
2024-03-21,0.846827493660147
2024-03-22,0.858497979411815
2024-03-26,0.85930210873251
2024-03-27,0.843586965665144
2024-03-28,0.841843546357313
2024-04-02,0.892104263371728
2024-04-03,0.892092757353832
2024-04-04,0.811163713118417
2024-04-05,0.795312478564569
2024-04-09,0.791144496770654
2024-04-10,0.75972194483883
2024-04-11,0.751199270507374
2024-04-12,0.814617291992013
2024-04-16,0.813823758395783
2024-04-17,0.845163220549415
2024-04-18,0.834367003034365
2024-04-19,0.811935830881197
2024-04-23,0.790114252431365
2024-04-24,0.791393048079776
2024-04-25,0.791320720541416
2024-04-26,0.769401526768374
2024-04-30,0.85739878442677
2024-05-01,0.886320641037643
2024-05-02,0.887381183195505
2024-05-03,0.968751325709379
2024-05-07,0.967954166895917
2024-05-08,0.968655900476796
2024-05-09,0.983827454226424
2024-05-10,0.980233748421667
2024-05-14,0.960427692682321
2024-05-15,1.0550757548235
2024-05-16,1.0571233437051
2024-05-17,1.0595109560401
2024-05-21,1.05484694078283
2024-05-22,1.06202157994101
2024-05-23,1.07585072658912
2024-05-24,1.0752876029917
2024-05-29,1.07916231356082
2024-05-30,1.06024973416348
2024-05-31,1.03684125383801
2024-06-04,1.04053447925283
2024-06-05,1.03693063679097
2024-06-06,1.03672023607445
2024-06-07,1.04199358293113
2024-06-11,1.03118091652954
2024-06-12,1.02985354451923
2024-06-13,1.0230284996783
2024-06-14,1.02235247004805
2024-06-18,1.01446573202944
2024-06-21,1.01803694079826
2024-06-25,1.02724031705462
2024-06-26,1.0254292296987
2024-06-27,1.02684193207436
2024-06-28,1.03847570359646
2024-07-02,1.01635534868554
2024-07-03,0.989621544754322
2024-07-09,0.991411239220664
2024-07-10,0.972981261827533
2024-07-11,0.974746086987346
2024-07-12,0.976647353059101
2024-07-16,0.97412679372593
2024-07-17,0.979909652366728
2024-07-18,0.974500611000245
2024-07-19,0.915896050435777
2024-07-23,0.92449962189236
2024-07-24,0.897031309580553
2024-07-25,0.887262224210203
2024-07-26,0.920515149085185
2024-07-30,0.921464886984884
2024-07-31,0.829306684763893
2024-08-01,0.794365111251268
2024-08-02,0.924138924777606
2024-08-06,0.948011808774707
2024-08-07,0.955003400830477
2024-08-08,1.20321267332094
2024-08-09,1.20397950268293
2024-08-13,1.19821919023411
2024-08-14,1.18314247773337
2024-08-15,1.08515200426682
2024-08-16,1.08968888436036
2024-08-20,1.09051413885871
2024-08-21,1.10067765095483
2024-08-22,1.09940873798626
2024-08-23,1.15317183897921
2024-08-27,1.14192055127212
2024-08-28,1.15473028538401
2024-08-29,1.15442904987892
2024-08-30,1.13659125251094
2024-09-04,1.13364306422047
2024-09-05,1.1453764215597
2024-09-06,1.21124776743737
2024-09-10,1.20956854436122
2024-09-11,1.18879327796228
2024-09-12,1.19076382802775
2024-09-13,1.21453853455788
2024-09-17,1.21431368903722
2024-09-18,1.19959524455038
2024-09-19,1.20594059198501
2024-09-20,1.20411553321385
2024-09-24,1.20733614176599
2024-09-25,1.21238611470744
2024-09-26,1.22245693247732
2024-09-27,1.21834797706286
2024-10-01,1.25586706458235
2024-10-02,1.25684697938359
2024-10-03,1.25591939767192
2024-10-04,1.26660102844782
2024-10-08,1.25244553615745
2024-10-09,1.21987495551694
2024-10-10,1.22213742574555
2024-10-11,1.24158431953371
2024-10-15,1.20720664809771
2024-10-16,1.20909678584965
2024-10-17,1.2092229681415
2024-10-18,1.21334047223635
2024-10-22,1.21306376505582
2024-10-23,1.21854947080051
2024-10-24,1.22178150420725
2024-10-25,1.22413152698009
2024-10-29,1.228886217604
2024-10-30,1.22668687176224
2024-10-31,1.24942514249967
2024-11-01,1.2394656468755
2024-11-05,1.24770529734477
2024-11-06,1.43841783524928
2024-11-07,1.44160163745767
2024-11-08,1.44221933650822
2024-11-12,1.44419004645499
2024-11-13,1.44426612501448
2024-11-14,1.46791654684872
2024-11-15,1.36892940428277
2024-11-19,1.37936451862409
2024-11-20,1.37784655409194
2024-11-21,1.40256262141366
2024-11-22,1.4044559660593
2024-11-26,1.39204611765896
2024-11-27,1.36944995995949
2024-12-03,1.36895397069471
2024-12-04,1.38452665490679
2024-12-05,1.39082721281906
2024-12-06,1.39709065568716
2024-12-10,1.39613674458476
2024-12-11,1.43117359307271
2024-12-12,1.42797169594885
2024-12-13,1.42690007717402
2024-12-17,1.42082677021418
2024-12-18,1.49107436979186
2024-12-19,1.48792600416318
2024-12-20,1.45733896857676
2024-12-24,1.48834515533696
2024-12-27,1.48439670998644
2024-12-31,1.47816734558132
2025-01-03,1.47042157538264
2025-01-07,1.52880034480948
2025-01-08,1.52571800872337
2025-01-14,1.52688228905673
2025-01-15,1.5608244350793
2025-01-16,1.56145082263824
2025-01-17,1.59701212044966
2025-01-22,1.57808779440261
2025-01-23,1.57143232692929
2025-01-24,1.56557589179136
2025-01-28,1.54385643641688
2025-01-29,1.52473381449772
2025-01-30,1.52841021376989
2025-01-31,1.53993131853879
2025-02-04,1.49857856115584
2025-02-05,1.48587581719138
2025-02-06,1.48261484851895
2025-02-07,1.46655246033514
2025-02-11,1.46616360790468
2025-02-12,1.45321191864299
2025-02-13,1.41771769827047
2025-02-14,1.41747774500624
2025-02-19,1.41965739415987
2025-02-20,1.40332155455367
2025-02-21,1.39270670177755
2025-02-25,1.41143090203825
2025-02-26,1.41251336482252
2025-02-27,1.36644920444605
2025-02-28,1.32613323426018
2025-03-04,1.29199693211616
2025-03-05,1.328662745206
2025-03-06,1.28691991763688
2025-03-07,1.27195192808789
2025-03-11,1.21737447642952
2025-03-12,1.22264614942912
2025-03-13,1.25354932277942
2025-03-14,1.27721924345663
2025-03-18,1.28501346566759
2025-03-19,1.32328991207462
2025-03-20,1.3301775177021
2025-03-21,1.3305490305155
2025-03-25,1.32943909452486
2025-03-26,1.31765778547227
2025-03-27,1.31029252554072
2025-03-28,1.32446548508381
2025-04-01,1.32002605915421
2025-04-02,1.29464592578321
2025-04-03,0.995250183178805
2025-04-04,0.583141343871864
2025-04-08,0.612986119516977
2025-04-09,0.659046613189769
2025-04-10,0.671015279588117
2025-04-11,0.684965342130237
2025-04-15,0.684993430939541
2025-04-16,0.671020536653587
2025-04-17,0.670393784557044
2025-04-22,0.715656745692421
2025-04-23,0.717683085986796
2025-04-24,0.706597529613205
2025-04-25,0.706980615899673
2025-04-29,0.704236421883279
2025-04-30,0.70419056703664
2025-05-01,0.708401751127284
2025-05-02,0.706869805982376
2025-05-06,0.699239002880099
2025-05-07,0.699598455842876
2025-05-08,0.714050384989273
2025-05-09,0.713645067675983
2025-05-13,0.715153956097171
2025-05-14,0.714844158688367
2025-05-15,0.714114805670537
2025-05-16,0.712075300694096
2025-05-20,0.710496111212816
2025-05-21,0.68145773906046
2025-05-22,0.679950147820914
2025-05-23,0.690135868337437
2025-05-28,0.694962322667335
2025-05-29,0.691919798764039
2025-05-30,0.693178284933117
2025-06-03,0.690607328856036
2025-06-04,0.690763962980124
2025-06-05,0.697924356957303
2025-06-06,0.703500619212417
2025-06-10,0.703180432136048
2025-06-11,0.705042674707218
2025-06-12,0.70062997228268
2025-06-13,0.698612208439368
2025-06-17,0.705902016404702
2025-06-18,0.706023115746024
2025-06-24,0.704012667731146
2025-06-25,0.704465722985307
2025-06-26,0.701567234045618
2025-06-27,0.70048546009917
2025-07-01,0.700858728836102
2025-07-02,0.705097463073049
2025-07-03,0.707083197598192
2025-07-08,0.706933230184062
2025-07-09,0.711440007782202
2025-07-10,0.717013426946238
2025-07-11,0.712905381709428
2025-07-15,0.716567233064494
2025-07-16,0.716829009759525
2025-07-17,0.716834309789669
2025-07-18,0.717335958540846
2025-07-22,0.716790127319302
2025-07-23,0.710657099670926
2025-07-24,0.710503183461206
2025-07-25,0.708334749553833
2025-07-29,0.708417892341788
2025-07-30,0.708544145637593
2025-07-31,0.712685701716269
2025-08-01,0.725613416202298
2025-08-05,0.728783987713992
2025-08-06,0.728794769625395
2025-08-07,0.72771457801303
2025-08-08,0.72338450323676
2025-08-12,0.724388539868063
2025-08-13,0.729220291043664
2025-08-14,0.730097438273573
2025-08-15,0.73256074056819
2025-08-19,0.742995798985677
2025-08-20,0.740977415667509
2025-08-21,0.744709705698211
2025-08-22,0.765824996041416
2025-08-26,0.770236364913016
2025-08-27,0.769505739793142
2025-08-28,0.770830723800931
2025-08-29,0.783942425321915
2025-09-03,0.782112488430825
2025-09-04,0.773584341341117
2025-09-05,0.773941090128846
2025-09-09,0.773193265551988
2025-09-10,0.77593572419138
2025-09-11,0.780647738306306
2025-09-12,0.78049252393085
2025-09-16,0.778740887752164
2025-09-17,0.77893795437867
2025-09-18,0.779073647025025
2025-09-19,0.773582911006482
2025-09-23,0.775952965668323
2025-09-24,0.772318248234719
2025-09-25,0.785702161973264
2025-09-26,0.783694056035983
2025-09-30,0.781963614343569
2025-10-01,0.789659608883318
2025-10-02,0.790807926795225
2025-10-03,0.790189275285173
2025-10-07,0.797780786156696
2025-10-08,0.800099397435642
2025-10-09,0.802623082357049
2025-10-10,0.912246710835078
2025-10-14,0.91839175581994
2025-10-15,0.91040569287445
2025-10-16,0.921553571712086
2025-10-17,0.913116571740824
2025-10-21,0.913353159687249
2025-10-22,0.915321516445652
2025-10-23,0.921411435652289
2025-10-24,0.921881953763815
2025-10-28,0.919144625936769
